{
    "1" :  {
        "menuOption":  "Snack",
        "itemName":    "Cake",
        "description": "Light and Fluffy",
        "imageName":   "Cake.jpg"
     },
     "2" :  {
       "menuOption":  "Snack",
       "itemName":    "Macaroon",
       "description": "Air wrapped up in flavour",
       "imageName":   "Macaroon.jpg"
     },
     "3" :  {
       "menuOption":  "Snack",
       "itemName":    "BananaBread",
       "description": "Yum! nuff said!",
       "imageName":   "BananaBread.jpg"
     },
     "4" :  {
       "menuOption":  "Snack",
       "itemName":    "Muffin",
       "description": "As good as your mum makes!",
       "imageName":   "Muffin.jpg"
      },
     "5" :  {
       "menuOption":  "Snack",
       "itemName":    "Bagel",
       "description": "great with cream cheese",
       "imageName":   "Bagel.jpg"
     },
     "6" :  {
         "menuOption":  "Lunch",
         "itemName":    "Meat Pie",
         "description": "Warm and Filling",
         "imageName":   "MeatPie.jpg"
      },
      "7" :  {
        "menuOption":  "Lunch",
        "itemName":    "Chicken Sub",
        "description": "On Tasty Sour Dough Bread",
        "imageName":   "ChickenSub.jpg"
      },
      "8" :  {
        "menuOption":  "Lunch",
        "itemName":    "Chicken Wrap",
        "description": "On Cornflour Tortilla",
        "imageName":   "ChickenWrap.jpg"
      },
      "9" :  {
        "menuOption":  "Lunch",
        "itemName":    "Salad",
        "description": "OK! if you must be healthy..",
        "imageName":   "Salad.jpg"
       },
      "10" :  {
        "menuOption":  "Lunch",
        "itemName":    "Sandwich",
        "description": "Turkey & Avocado",
        "imageName":   "Sandwich.jpg"
      }
}                     
